{"cameraMode":{"drawMode":0,"name":"Shaded","section":"Shading Mode"},"sceneLighting":false,"audioPlay":false,"sceneViewState":{"m_AlwaysRefresh":false,"showFog":true,"showSkybox":false,"showFlares":true,"showImageEffects":true,"showParticleSystems":true,"showVisualEffectGraphs":true,"m_FxEnabled":true},"in2DMode":false,"pivot":{"x":-4.699999809265137,"y":22.899999618530275,"z":0.19999998807907105},"rotation":{"x":0.06044783815741539,"y":0.5407509803771973,"z":-0.03900149464607239,"w":0.8381014466285706},"size":0.866025447845459,"orthographic":false}